structure,threads,repeat,total_keys,elapsed_ms,throughput_ops_per_sec,final_size,structure_valid
RBT_SingleThreaded,1,0,1000,0.17,5.88235e+06,1000,1
SkipList_FineGrained,1,0,1000,0.718,1.39276e+06,1000,1
RBT_SingleThreaded,1,1,1000,0.163,6.13497e+06,1000,1
SkipList_FineGrained,1,1,1000,0.596,1.67785e+06,1000,1
RBT_SingleThreaded,1,2,1000,0.175,5.71429e+06,1000,1
SkipList_FineGrained,1,2,1000,0.721,1.38696e+06,1000,1
RBT_SingleThreaded,1,3,1000,0.183,5.46448e+06,1000,1
SkipList_FineGrained,1,3,1000,0.7,1.42857e+06,1000,1
RBT_SingleThreaded,1,4,1000,0.142,7.04225e+06,1000,1
SkipList_FineGrained,1,4,1000,0.543,1.84162e+06,1000,1
RBT_SingleThreaded,2,0,1000,0.181,5.52486e+06,1000,1
SkipList_FineGrained,2,0,1000,0.651,1.5361e+06,1000,1
RBT_SingleThreaded,2,1,1000,0.186,5.37634e+06,1000,1
SkipList_FineGrained,2,1,1000,0.66,1.51515e+06,1000,1
RBT_SingleThreaded,2,2,1000,0.263,3.80228e+06,1000,1
SkipList_FineGrained,2,2,1000,0.82,1.21951e+06,1000,1
RBT_SingleThreaded,2,3,1000,0.162,6.17284e+06,1000,1
SkipList_FineGrained,2,3,1000,0.673,1.48588e+06,1000,1
RBT_SingleThreaded,2,4,1000,0.164,6.09756e+06,1000,1
SkipList_FineGrained,2,4,1000,0.595,1.68067e+06,1000,1
RBT_SingleThreaded,4,0,1000,0.184,5.43478e+06,1000,1
SkipList_FineGrained,4,0,1000,0.645,1.55039e+06,1000,1
RBT_SingleThreaded,4,1,1000,0.198,5.05051e+06,1000,1
SkipList_FineGrained,4,1,1000,0.867,1.1534e+06,1000,1
RBT_SingleThreaded,4,2,1000,0.179,5.58659e+06,1000,1
SkipList_FineGrained,4,2,1000,0.856,1.16822e+06,1000,1
RBT_SingleThreaded,4,3,1000,0.178,5.61798e+06,1000,1
SkipList_FineGrained,4,3,1000,0.72,1.38889e+06,1000,1
RBT_SingleThreaded,4,4,1000,0.162,6.17284e+06,1000,1
SkipList_FineGrained,4,4,1000,0.59,1.69492e+06,1000,1
RBT_SingleThreaded,8,0,1000,0.17,5.88235e+06,1000,1
SkipList_FineGrained,8,0,1000,0.697,1.43472e+06,1000,1
RBT_SingleThreaded,8,1,1000,0.161,6.21118e+06,1000,1
SkipList_FineGrained,8,1,1000,0.705,1.41844e+06,1000,1
RBT_SingleThreaded,8,2,1000,0.164,6.09756e+06,1000,1
SkipList_FineGrained,8,2,1000,0.721,1.38696e+06,1000,1
RBT_SingleThreaded,8,3,1000,0.156,6.41026e+06,1000,1
SkipList_FineGrained,8,3,1000,0.594,1.6835e+06,1000,1
RBT_SingleThreaded,8,4,1000,0.172,5.81395e+06,1000,1
SkipList_FineGrained,8,4,1000,0.619,1.61551e+06,1000,1
RBT_SingleThreaded,16,0,1000,0.168,5.95238e+06,1000,1
SkipList_FineGrained,16,0,1000,0.983,1.01729e+06,1000,1
RBT_SingleThreaded,16,1,1000,0.162,6.17284e+06,1000,1
SkipList_FineGrained,16,1,1000,1.279,781861,1000,1
RBT_SingleThreaded,16,2,1000,0.169,5.91716e+06,1000,1
SkipList_FineGrained,16,2,1000,1.123,890472,1000,1
RBT_SingleThreaded,16,3,1000,0.176,5.68182e+06,1000,1
SkipList_FineGrained,16,3,1000,1.106,904159,1000,1
RBT_SingleThreaded,16,4,1000,0.191,5.2356e+06,1000,1
SkipList_FineGrained,16,4,1000,2.023,494315,1000,1
RBT_SingleThreaded,1,0,10000,1.95,5.12821e+06,10000,1
SkipList_FineGrained,1,0,10000,5.799,1.72444e+06,10000,1
RBT_SingleThreaded,1,1,10000,4.345,2.3015e+06,10000,1
SkipList_FineGrained,1,1,10000,8.248,1.21242e+06,10000,1
RBT_SingleThreaded,1,2,10000,4.745,2.10748e+06,10000,1
SkipList_FineGrained,1,2,10000,5.445,1.83655e+06,10000,1
RBT_SingleThreaded,1,3,10000,1.998,5.00501e+06,10000,1
SkipList_FineGrained,1,3,10000,6.681,1.49678e+06,10000,1
RBT_SingleThreaded,1,4,10000,2.398,4.17014e+06,10000,1
SkipList_FineGrained,1,4,10000,4.897,2.04207e+06,10000,1
RBT_SingleThreaded,2,0,10000,4.367,2.2899e+06,10000,1
SkipList_FineGrained,2,0,10000,3.4,2.94118e+06,10000,1
RBT_SingleThreaded,2,1,10000,2.13,4.69484e+06,10000,1
SkipList_FineGrained,2,1,10000,3.887,2.57268e+06,10000,1
RBT_SingleThreaded,2,2,10000,1.982,5.04541e+06,10000,1
SkipList_FineGrained,2,2,10000,3.145,3.17965e+06,10000,1
RBT_SingleThreaded,2,3,10000,1.649,6.06428e+06,10000,1
SkipList_FineGrained,2,3,10000,3.098,3.22789e+06,10000,1
RBT_SingleThreaded,2,4,10000,1.688,5.92417e+06,10000,1
SkipList_FineGrained,2,4,10000,4.27,2.34192e+06,10000,1
RBT_SingleThreaded,4,0,10000,1.675,5.97015e+06,10000,1
SkipList_FineGrained,4,0,10000,2.146,4.65983e+06,10000,1
RBT_SingleThreaded,4,1,10000,1.794,5.57414e+06,10000,1
SkipList_FineGrained,4,1,10000,2.437,4.10341e+06,10000,1
RBT_SingleThreaded,4,2,10000,2.06,4.85437e+06,10000,1
SkipList_FineGrained,4,2,10000,3.287,3.04229e+06,10000,1
RBT_SingleThreaded,4,3,10000,1.848,5.41126e+06,10000,1
SkipList_FineGrained,4,3,10000,2.275,4.3956e+06,10000,1
RBT_SingleThreaded,4,4,10000,1.95,5.12821e+06,10000,1
SkipList_FineGrained,4,4,10000,2.165,4.61894e+06,10000,1
RBT_SingleThreaded,8,0,10000,2.922,3.42231e+06,10000,1
SkipList_FineGrained,8,0,10000,4.321,2.31428e+06,10000,1
RBT_SingleThreaded,8,1,10000,1.716,5.82751e+06,10000,1
SkipList_FineGrained,8,1,10000,2.898,3.45066e+06,10000,1
RBT_SingleThreaded,8,2,10000,2.577,3.88048e+06,10000,1
SkipList_FineGrained,8,2,10000,2.131,4.69263e+06,10000,1
RBT_SingleThreaded,8,3,10000,1.665,6.00601e+06,10000,1
SkipList_FineGrained,8,3,10000,2.188,4.57038e+06,10000,1
RBT_SingleThreaded,8,4,10000,1.753,5.70451e+06,10000,1
SkipList_FineGrained,8,4,10000,2.002,4.995e+06,10000,1
RBT_SingleThreaded,16,0,10000,1.893,5.28262e+06,10000,1
SkipList_FineGrained,16,0,10000,2.168,4.61255e+06,10000,1
RBT_SingleThreaded,16,1,10000,1.67,5.98802e+06,10000,1
SkipList_FineGrained,16,1,10000,2.073,4.82393e+06,10000,1
RBT_SingleThreaded,16,2,10000,1.656,6.03865e+06,10000,1
SkipList_FineGrained,16,2,10000,2.1,4.7619e+06,10000,1
RBT_SingleThreaded,16,3,10000,1.715,5.8309e+06,10000,1
SkipList_FineGrained,16,3,10000,2.284,4.37828e+06,10000,1
RBT_SingleThreaded,16,4,10000,1.68,5.95238e+06,10000,1
SkipList_FineGrained,16,4,10000,1.892,5.28541e+06,10000,1
RBT_SingleThreaded,1,0,100000,26.743,3.7393e+06,100000,1
SkipList_FineGrained,1,0,100000,55.882,1.78948e+06,100000,1
RBT_SingleThreaded,1,1,100000,35.823,2.7915e+06,100000,1
SkipList_FineGrained,1,1,100000,56.133,1.78148e+06,100000,1
RBT_SingleThreaded,1,2,100000,26.806,3.73051e+06,100000,1
SkipList_FineGrained,1,2,100000,55.146,1.81337e+06,100000,1
RBT_SingleThreaded,1,3,100000,36.731,2.7225e+06,100000,1
SkipList_FineGrained,1,3,100000,62.801,1.59233e+06,100000,1
RBT_SingleThreaded,1,4,100000,28.898,3.46045e+06,100000,1
SkipList_FineGrained,1,4,100000,54.869,1.82252e+06,100000,1
RBT_SingleThreaded,2,0,100000,28.503,3.5084e+06,100000,1
SkipList_FineGrained,2,0,100000,33.827,2.95622e+06,100000,1
RBT_SingleThreaded,2,1,100000,26.158,3.82292e+06,100000,1
SkipList_FineGrained,2,1,100000,33.149,3.01668e+06,100000,1
RBT_SingleThreaded,2,2,100000,26.28,3.80518e+06,100000,1
SkipList_FineGrained,2,2,100000,32.647,3.06307e+06,100000,1
RBT_SingleThreaded,2,3,100000,27.064,3.69495e+06,100000,1
SkipList_FineGrained,2,3,100000,32.807,3.04813e+06,100000,1
RBT_SingleThreaded,2,4,100000,25.913,3.85907e+06,100000,1
SkipList_FineGrained,2,4,100000,32.638,3.06391e+06,100000,1
RBT_SingleThreaded,4,0,100000,25.934,3.85594e+06,100000,1
SkipList_FineGrained,4,0,100000,19.037,5.25293e+06,100000,1
RBT_SingleThreaded,4,1,100000,25.764,3.88138e+06,100000,1
SkipList_FineGrained,4,1,100000,18.951,5.27677e+06,100000,1
RBT_SingleThreaded,4,2,100000,26.761,3.73678e+06,100000,1
SkipList_FineGrained,4,2,100000,19.098,5.23615e+06,100000,1
RBT_SingleThreaded,4,3,100000,27.348,3.65657e+06,100000,1
SkipList_FineGrained,4,3,100000,20.1,4.97512e+06,100000,1
RBT_SingleThreaded,4,4,100000,26.918,3.71499e+06,100000,1
SkipList_FineGrained,4,4,100000,19.257,5.19292e+06,100000,1
RBT_SingleThreaded,8,0,100000,27.484,3.63848e+06,100000,1
SkipList_FineGrained,8,0,100000,15.079,6.63174e+06,100000,1
RBT_SingleThreaded,8,1,100000,26.267,3.80706e+06,100000,1
SkipList_FineGrained,8,1,100000,16.584,6.02991e+06,100000,1
RBT_SingleThreaded,8,2,100000,28.317,3.53145e+06,100000,1
SkipList_FineGrained,8,2,100000,18.436,5.42417e+06,100000,1
RBT_SingleThreaded,8,3,100000,26.382,3.79046e+06,100000,1
SkipList_FineGrained,8,3,100000,16.558,6.03938e+06,100000,1
RBT_SingleThreaded,8,4,100000,30.314,3.29881e+06,100000,1
SkipList_FineGrained,8,4,100000,17.444,5.73263e+06,100000,1
RBT_SingleThreaded,16,0,100000,30.514,3.27718e+06,100000,1
SkipList_FineGrained,16,0,100000,13.99,7.14796e+06,100000,1
RBT_SingleThreaded,16,1,100000,26.309,3.80098e+06,100000,1
SkipList_FineGrained,16,1,100000,14.883,6.71908e+06,100000,1
RBT_SingleThreaded,16,2,100000,25.701,3.8909e+06,100000,1
SkipList_FineGrained,16,2,100000,13.299,7.51936e+06,100000,1
RBT_SingleThreaded,16,3,100000,29.892,3.34538e+06,100000,1
SkipList_FineGrained,16,3,100000,18.646,5.36308e+06,100000,1
RBT_SingleThreaded,16,4,100000,27.739,3.60503e+06,100000,1
SkipList_FineGrained,16,4,100000,14.541,6.87711e+06,100000,1
RBT_SingleThreaded,1,0,1000000,930.772,1.07438e+06,1000000,1
SkipList_FineGrained,1,0,1000000,1300.39,769001,1000000,1
RBT_SingleThreaded,1,1,1000000,854.755,1.16993e+06,1000000,1
SkipList_FineGrained,1,1,1000000,1326.84,753669,1000000,1
RBT_SingleThreaded,1,2,1000000,827.739,1.20811e+06,1000000,1
SkipList_FineGrained,1,2,1000000,1229.1,813606,1000000,1
RBT_SingleThreaded,1,3,1000000,831.768,1.20226e+06,1000000,1
SkipList_FineGrained,1,3,1000000,1268.94,788057,1000000,1
RBT_SingleThreaded,1,4,1000000,858.742,1.16449e+06,1000000,1
SkipList_FineGrained,1,4,1000000,1244.17,803751,1000000,1
RBT_SingleThreaded,2,0,1000000,791.143,1.26399e+06,1000000,1
SkipList_FineGrained,2,0,1000000,587.791,1.70128e+06,1000000,1
RBT_SingleThreaded,2,1,1000000,867.114,1.15325e+06,1000000,1
SkipList_FineGrained,2,1,1000000,599.222,1.66883e+06,1000000,1
RBT_SingleThreaded,2,2,1000000,799.716,1.25044e+06,1000000,1
SkipList_FineGrained,2,2,1000000,594.707,1.6815e+06,1000000,1
RBT_SingleThreaded,2,3,1000000,980.648,1.01973e+06,1000000,1
SkipList_FineGrained,2,3,1000000,596.787,1.67564e+06,1000000,1
RBT_SingleThreaded,2,4,1000000,798.971,1.25161e+06,1000000,1
SkipList_FineGrained,2,4,1000000,590.979,1.69211e+06,1000000,1
RBT_SingleThreaded,4,0,1000000,802.741,1.24573e+06,1000000,1
SkipList_FineGrained,4,0,1000000,307.629,3.25067e+06,1000000,1
RBT_SingleThreaded,4,1,1000000,848.326,1.17879e+06,1000000,1
SkipList_FineGrained,4,1,1000000,300.452,3.32832e+06,1000000,1
RBT_SingleThreaded,4,2,1000000,809.287,1.23566e+06,1000000,1
SkipList_FineGrained,4,2,1000000,293.206,3.41057e+06,1000000,1
RBT_SingleThreaded,4,3,1000000,781.19,1.2801e+06,1000000,1
SkipList_FineGrained,4,3,1000000,305.525,3.27305e+06,1000000,1
RBT_SingleThreaded,4,4,1000000,778.28,1.28488e+06,1000000,1
SkipList_FineGrained,4,4,1000000,295.112,3.38854e+06,1000000,1
RBT_SingleThreaded,8,0,1000000,925.194,1.08085e+06,1000000,1
SkipList_FineGrained,8,0,1000000,213.775,4.67782e+06,1000000,1
RBT_SingleThreaded,8,1,1000000,786.849,1.27089e+06,1000000,1
SkipList_FineGrained,8,1,1000000,216.04,4.62877e+06,1000000,1
RBT_SingleThreaded,8,2,1000000,868.796,1.15102e+06,1000000,1
SkipList_FineGrained,8,2,1000000,219.851,4.54854e+06,1000000,1
RBT_SingleThreaded,8,3,1000000,770.464,1.29792e+06,1000000,1
SkipList_FineGrained,8,3,1000000,203.235,4.92041e+06,1000000,1
RBT_SingleThreaded,8,4,1000000,812.186,1.23125e+06,1000000,1
SkipList_FineGrained,8,4,1000000,229.827,4.3511e+06,1000000,1
RBT_SingleThreaded,16,0,1000000,813.518,1.22923e+06,1000000,1
SkipList_FineGrained,16,0,1000000,146.991,6.80314e+06,1000000,1
RBT_SingleThreaded,16,1,1000000,820.75,1.2184e+06,1000000,1
SkipList_FineGrained,16,1,1000000,152.021,6.57804e+06,1000000,1
RBT_SingleThreaded,16,2,1000000,824.354,1.21307e+06,1000000,1
SkipList_FineGrained,16,2,1000000,176.73,5.65835e+06,1000000,1
RBT_SingleThreaded,16,3,1000000,905.777,1.10402e+06,1000000,1
SkipList_FineGrained,16,3,1000000,152.911,6.53975e+06,1000000,1
RBT_SingleThreaded,16,4,1000000,762.563,1.31137e+06,1000000,1
SkipList_FineGrained,16,4,1000000,169.331,5.90559e+06,1000000,1
